OS,Data_Solicitacao,Cliente,Tipo_Cliente,Quem_Solicitou,Produto,Valor_OS,Transportadora,Valor_Envio,Rastreio,Quem_Autorizou,Status,Prazo_Entrega_Dias
180087,2025-08-01,Axiom Tecnologia,PJ,Filial Regional,Cabo USB-C,99.68,Uber,33.74,S/N,Igor,Entregue,3.0
181241,2025-08-01,Aline Serpa,PF,Cliente direto,Acessórios diversos,365.67,Correios,50.42,AD720307949BR,Renan,Entregue,2.0
180319,2025-08-02,Beluga Advocacia,PJ,Filial Regional,Mac Mini,6835.03,FOX,293.49,6478790550,Renan,Entregue,10.0
181000,2025-08-06,Metrópole Logística,PJ,Filial Regional,Apple Watch,0.01,Correios,94.83,AD148941344BR,Marcelo,Entregue,4.0
180763,2025-08-06,Gabriel Torquato,PF,Cliente direto,Cabo USB-C,124.6,DHL,159.73,2323040504,Diego,Entregue,6.0
180866,2025-08-06,Cedro Participações,PJ,Filial Regional,MacBook Pro 16,23394.1,Uber,37.39,S/N,Diego,Entregue,4.0
180239,2025-08-07,Cedro Participações,PJ,Filial Regional,AirPods Pro,0.01,Correios Seguro,31.73,AD865603224BR,Igor,Pendente de envio,
180171,2025-08-08,Cristiane Bittencourt,PF,Cliente direto,Apple Watch,3098.1,Retirada no balcão,0.0,S/N,Igor,Entregue,5.0
181298,2025-08-08,Cristiane Bittencourt,PF,Cliente direto,Magic Mouse,0.01,DHL,161.11,9921234767,Renan,Entregue,2.0
181271,2025-08-10,Leonardo Guimarães,PF,Cliente direto,Cabo USB-C,105.46,DHL,152.45,6931921950,Diego,Entregue,3.0
180496,2025-08-11,Bem-Estar Hospitalar,PJ,Filial Regional,MacBook Pro 16,0.01,Correios,125.79,AD380418002BR,Marcelo,Entregue,7.0
180904,2025-08-11,Simone Aragão,PF,Cliente direto,iPhone 14,0.01,Correios,105.05,AD514095622BR,Diego,Entregue,7.0
180269,2025-08-12,Aline Serpa,PF,Cliente direto,Trackpad,780.32,Retirada no balcão,0.0,S/N,Sabrina,Entregue,4.0
180736,2025-08-12,Débora Farias,PF,Cliente direto,Magic Mouse,564.56,Correios Seguro,15.0,AD513475583BR,Igor,Entregue,3.0
180535,2025-08-12,Ventura Seguros,PJ,Filial Regional,AirPods Pro,1033.04,DHL,120.36,6567193628,Sabrina,Entregue,8.0
181145,2025-08-14,Gabriel Torquato,PF,Cliente direto,AirPods Pro,0.01,Correios,80.03,AD114602968BR,Sabrina,Pendente de envio,
180414,2025-08-14,Ipê Educacional,PJ,Filial Regional,AirPods Pro,1791.76,Retirada no balcão,0.0,S/N,Sabrina,Em trânsito,
180056,2025-08-14,Aliança Cooperativa,PJ,Filial Regional,MacBook Air,8779.78,Correios Seguro,142.75,AD758995368BR,Diego,Entregue,4.0
180900,2025-08-17,Bem-Estar Hospitalar,PJ,Filial Regional,Mac Mini,0.01,DHL,347.98,2183039162,Renan,Entregue,3.0
180666,2025-08-17,Priscila Nogueira,PF,Cliente direto,iMac,13707.0,FOX,473.12,5141703189,Sabrina,Entregue,2.0
181332,2025-08-19,Vórtice Consultoria,PJ,Filial Regional,Trackpad,647.82,Retirada no balcão,0.0,S/N,Igor,Entregue,1.0
180716,2025-08-20,Sabrina Peixoto,PF,Cliente direto,iPad Pro,9560.02,DHL,260.53,5857194880,Patrícia,Entregue,2.0
181362,2025-08-20,Sabrina Peixoto,PF,Cliente direto,Magic Mouse,0.01,DHL,214.46,2723886999,Sabrina,Em trânsito,
180954,2025-08-21,Vórtice Consultoria,PJ,Filial Regional,iPad Pro,11666.12,FOX,210.94,5468706697,Vanessa,Entregue,2.0
180639,2025-08-21,Fortaleza Cimentos,PJ,Filial Regional,iMac,0.01,Correios Seguro,180.25,AD194034249BR,Patrícia,Entregue,8.0
180140,2025-08-21,Ventura Seguros,PJ,Filial Regional,iPad,3525.89,DHL,259.04,6435557159,Igor,Pendente de envio,
181353,2025-08-22,Otávio Marinho,PF,Cliente direto,MacBook Air,10549.78,Correios Seguro,102.94,AD243230568BR,Igor,Entregue,3.0
181140,2025-08-24,Cristiane Bittencourt,PF,Cliente direto,Mac Mini,0.01,Retirada no balcão,0.0,S/N,Igor,Entregue,5.0
180966,2025-08-25,Marcos Aurélio Vieira,PF,Cliente direto,iPhone 15 Pro,9112.58,Correios,72.46,AD847328970BR,Marcelo,Devolvido,
181060,2025-08-25,Priscila Nogueira,PF,Cliente direto,MacBook Air,9712.63,FOX,352.09,2736697935,Sabrina,Entregue,2.0
181235,2025-08-26,Henrique Salgado,PF,Cliente direto,iPhone 14,4634.31,Retirada no balcão,0.0,S/N,Igor,Entregue,2.0
180152,2025-08-26,Ipê Educacional,PJ,Filial Regional,iPad,3838.14,Correios Seguro,54.66,AD381207931BR,Sabrina,Entregue,1.0
180633,2025-08-27,Sabrina Peixoto,PF,Cliente direto,iMac,12047.8,Correios,180.31,AD694882621BR,Igor,Em trânsito,
180802,2025-08-28,Litoral Alimentos,PJ,Filial Regional,Mac Mini,4393.96,Retirada no balcão,0.0,S/N,Sabrina,Entregue,2.0
180566,2025-09-01,Henrique Salgado,PF,Cliente direto,Apple Watch,3218.44,DHL,194.25,6934943422,Patrícia,Entregue,5.0
181254,2025-09-03,Leonardo Guimarães,PF,Cliente direto,Carregador,272.85,Correios,65.31,AD252567513BR,Igor,Pendente de envio,
180873,2025-09-04,Aline Serpa,PF,Cliente direto,Apple Watch,0.01,FOX,217.56,9634514484,Patrícia,Entregue,6.0
181217,2025-09-05,Igor Bezerra,PF,Cliente direto,iPhone 14,0.01,DHL,200.83,6431623030,Diego,Devolvido,
181410,2025-09-05,Fabrício Damasceno,PF,Cliente direto,iPhone 15 Pro,8314.88,Retirada no balcão,0.0,S/N,Marcelo,Entregue,14.0
180333,2025-09-06,Rodolfo Espíndola,PF,Cliente direto,Mac Mini,0.01,Correios,110.08,AD212980632BR,Vanessa,Entregue,8.0
180779,2025-09-06,Rafaela Monteiro,PF,Cliente direto,Apple Watch,2631.9,Correios,52.3,AD653648588BR,Vanessa,Entregue,2.0
181215,2025-09-09,Rodolfo Espíndola,PF,Cliente direto,Carregador,328.5,Correios,71.1,AD632862114BR,Renan,Entregue,7.0
180081,2025-09-11,Leonardo Guimarães,PF,Cliente direto,Magic Mouse,614.04,FOX,121.34,9480477258,Patrícia,Entregue,6.0
180248,2025-09-11,Otávio Marinho,PF,Cliente direto,iPhone 15,5167.0,FOX,232.03,3358916945,Patrícia,Entregue,5.0
180186,2025-09-12,Ventura Seguros,PJ,Filial Regional,iMac,0.01,DHL,431.01,6735210637,Sabrina,Entregue,2.0
181394,2025-09-13,Natália Quaresma,PF,Cliente direto,iPhone 13,0.01,Uber,48.04,S/N,Vanessa,Entregue,4.0
180915,2025-09-14,Otávio Marinho,PF,Cliente direto,iMac,15370.82,FOX,450.6,4728944734,Patrícia,Entregue,5.0
181023,2025-09-15,Priscila Nogueira,PF,Cliente direto,MacBook Air,8794.16,DHL,272.34,9460281387,Patrícia,Devolvido,
180659,2025-09-15,Débora Farias,PF,Cliente direto,iPhone 15,6485.77,DHL,255.55,3874906100,Vanessa,Entregue,7.0
180942,2025-09-15,Leonardo Guimarães,PF,Cliente direto,Carregador,263.78,DHL,196.5,8381841093,Renan,Entregue,2.0
181147,2025-09-17,Eduardo Vasconcelos,PF,Cliente direto,Trackpad,698.44,FOX,181.84,2413757698,Vanessa,Entregue,2.0
181413,2025-09-17,Vantage Digital,PJ,Filial Regional,iPhone 15 Pro,8036.18,Retirada no balcão,0.0,S/N,Diego,Entregue,10.0
180626,2025-09-18,Aliança Cooperativa,PJ,Filial Regional,iPhone 15 Pro,7078.16,Correios Seguro,63.15,AD454824193BR,Renan,Entregue,4.0
180714,2025-09-18,Priscila Nogueira,PF,Cliente direto,MacBook Air,0.01,DHL,327.46,3607632053,Patrícia,Entregue,1.0
181204,2025-09-19,Rafaela Monteiro,PF,Cliente direto,MacBook Air,10497.6,DHL,347.72,8456131910,Sabrina,Entregue,6.0
180813,2025-09-21,Gabriel Torquato,PF,Cliente direto,iPad Pro,5626.49,FOX,282.37,9743602732,Marcelo,Entregue,6.0
180203,2025-09-23,Rafaela Monteiro,PF,Cliente direto,iPad,0.01,DHL,236.06,8031376349,Diego,Entregue,3.0
180467,2025-09-23,Aline Serpa,PF,Cliente direto,iPhone 14,4996.99,Correios,77.79,AD342610256BR,Marcelo,Entregue,3.0
181211,2025-09-23,Planalto Distribuidora,PJ,Filial Regional,Carregador,266.95,Correios,52.52,AD849926928BR,Igor,Entregue,4.0
180444,2025-09-24,Gabriel Torquato,PF,Cliente direto,iPhone 15 Pro,0.01,DHL,241.66,6819519946,Vanessa,Entregue,10.0
180556,2025-09-24,Vinícius Cordeiro,PF,Cliente direto,Mac Mini,6348.2,Correios,127.69,AD625961868BR,Vanessa,Entregue,10.0
181391,2025-09-24,Sabrina Peixoto,PF,Cliente direto,MacBook Air,9919.95,FOX,294.41,1407998019,Renan,Devolvido,
180482,2025-09-27,Aliança Cooperativa,PJ,Filial Regional,iPhone 14,4369.78,DHL,188.62,1141362904,Igor,Entregue,2.0
180995,2025-09-28,Gabriel Torquato,PF,Cliente direto,Magic Mouse,498.42,Correios,31.01,AD321540196BR,Igor,Entregue,5.0
181385,2025-09-29,Fabrício Damasceno,PF,Cliente direto,iMac,0.01,DHL,441.15,4775540883,Diego,Entregue,4.0
180657,2025-09-30,Simone Aragão,PF,Cliente direto,iPhone 15 Pro,9946.22,Correios,56.97,AD985575275BR,Diego,Entregue,6.0
180818,2025-10-01,Eduardo Vasconcelos,PF,Cliente direto,iMac,0.01,Correios,162.05,AD279291529BR,Igor,Entregue,3.0
180404,2025-10-05,Aline Serpa,PF,Cliente direto,MacBook Pro 14,15464.92,Correios,151.72,AD172070263BR,Marcelo,Entregue,3.0
180037,2025-10-06,Vórtice Consultoria,PJ,Filial Regional,Cabo USB-C,0.01,Retirada no balcão,0.0,S/N,Patrícia,Entregue,3.0
180822,2025-10-07,Aliança Cooperativa,PJ,Filial Regional,Acessórios diversos,408.68,Correios,60.48,AD649361169BR,Diego,Pendente de envio,
181169,2025-10-08,Leonardo Guimarães,PF,Cliente direto,MacBook Air,7848.18,DHL,264.84,9709984274,Diego,Entregue,2.0
181057,2025-10-08,Simone Aragão,PF,Cliente direto,iPhone 14,6388.05,FOX,178.48,8732377719,Diego,Em trânsito,
180446,2025-10-08,Marcos Aurélio Vieira,PF,Cliente direto,MacBook Air,0.01,FOX,297.61,3039687760,Sabrina,Entregue,4.0
180042,2025-10-10,Fabrício Damasceno,PF,Cliente direto,iPhone 14,0.01,Correios,83.93,AD398327495BR,Igor,Em trânsito,
181006,2025-10-10,Ventura Seguros,PJ,Filial Regional,iPhone 14,4523.96,FOX,242.44,2056512480,Renan,Entregue,6.0
180199,2025-10-11,Natália Quaresma,PF,Cliente direto,Trackpad,792.0,Retirada no balcão,0.0,S/N,Diego,Pendente de envio,
181102,2025-10-12,Axiom Tecnologia,PJ,Filial Regional,Trackpad,602.13,FOX,174.8,4415853186,Renan,Entregue,5.0
180378,2025-10-12,Leonardo Guimarães,PF,Cliente direto,Magic Mouse,651.25,DHL,156.98,9811964654,Marcelo,Entregue,7.0
180187,2025-10-13,Ipê Educacional,PJ,Filial Regional,iPhone 15,0.01,Retirada no balcão,0.0,S/N,Patrícia,Entregue,3.0
181346,2025-10-14,Fortaleza Cimentos,PJ,Filial Regional,iMac,13566.88,Correios,183.88,AD270676755BR,Vanessa,Entregue,6.0
181403,2025-10-15,Ventura Seguros,PJ,Filial Regional,Trackpad,672.93,DHL,173.24,4387067680,Vanessa,Entregue,3.0
180108,2025-10-16,Aline Serpa,PF,Cliente direto,MacBook Pro 14,17090.73,Retirada no balcão,0.0,S/N,Diego,Entregue,1.0
181226,2025-10-17,Renata Camargo,PF,Cliente direto,AirPods Pro,1247.8,Correios,73.68,AD511216959BR,Patrícia,Entregue,14.0
180744,2025-10-18,Bem-Estar Hospitalar,PJ,Filial Regional,MacBook Pro 14,0.01,DHL,312.57,3072048147,Sabrina,Devolvido,
181392,2025-10-18,Simone Aragão,PF,Cliente direto,MacBook Pro 16,21139.67,DHL,367.94,4221406026,Patrícia,Em trânsito,
180588,2025-10-18,Metrópole Logística,PJ,Filial Regional,Trackpad,715.99,DHL,186.08,9147611283,Marcelo,Pendente de envio,
180193,2025-10-19,Beluga Advocacia,PJ,Filial Regional,iPad,0.01,Correios Seguro,54.17,AD905886866BR,Renan,Entregue,4.0
180130,2025-10-19,Axiom Tecnologia,PJ,Filial Regional,Trackpad,0.01,FOX,170.56,4366979566,Sabrina,Pendente de envio,
180743,2025-10-19,Débora Farias,PF,Cliente direto,Magic Mouse,548.1,DHL,136.54,2768588823,Renan,Entregue,3.0
180842,2025-10-19,Henrique Salgado,PF,Cliente direto,Carregador,0.01,Correios Seguro,85.61,AD893105613BR,Igor,Entregue,7.0
180472,2025-10-21,Rafaela Monteiro,PF,Cliente direto,MacBook Pro 14,0.01,DHL,346.43,4194934549,Vanessa,Entregue,5.0
180906,2025-10-21,Eduardo Vasconcelos,PF,Cliente direto,Magic Mouse,0.01,DHL,142.81,1957346036,Igor,Pendente de envio,
180054,2025-10-23,Henrique Salgado,PF,Cliente direto,Cabo USB-C,151.79,DHL,147.76,6191598346,Marcelo,Entregue,4.0
180670,2025-10-24,Gabriel Torquato,PF,Cliente direto,iPhone 14,6039.09,Correios,107.08,AD744373223BR,Diego,Devolvido,
180306,2025-10-26,Planalto Distribuidora,PJ,Filial Regional,Carregador,251.47,DHL,160.46,6719597153,Igor,Entregue,2.0
181270,2025-10-29,Beluga Advocacia,PJ,Filial Regional,Magic Mouse,698.25,Correios,83.09,AD613613641BR,Marcelo,Entregue,2.0
181171,2025-10-30,Bem-Estar Hospitalar,PJ,Filial Regional,MacBook Pro 14,0.01,FOX,359.41,4167953304,Diego,Em trânsito,
181028,2025-10-30,Natália Quaresma,PF,Cliente direto,Trackpad,703.94,DHL,202.14,9627721348,Patrícia,Pendente de envio,
180792,2025-10-31,Natália Quaresma,PF,Cliente direto,iPad,4225.06,DHL,226.26,4734586278,Patrícia,Entregue,10.0
180622,2025-11-01,Leonardo Guimarães,PF,Cliente direto,Trackpad,656.7,Correios Seguro,52.22,AD180956192BR,Sabrina,Entregue,5.0
181338,2025-11-01,Axiom Tecnologia,PJ,Filial Regional,Magic Mouse,561.74,FOX,161.78,1872795411,Marcelo,Entregue,14.0
180719,2025-11-02,Cristiane Bittencourt,PF,Cliente direto,iPhone 13,5160.54,DHL,161.09,7470372592,Igor,Entregue,3.0
180752,2025-11-04,Aline Serpa,PF,Cliente direto,iPhone 15,7113.91,Correios Seguro,108.26,AD407513715BR,Patrícia,Entregue,1.0
180455,2025-11-04,Vinícius Cordeiro,PF,Cliente direto,iPhone 15,0.01,Correios,81.97,AD535927078BR,Renan,Entregue,3.0
180940,2025-11-05,Constelar Engenharia,PJ,Filial Regional,AirPods Pro,1636.2,FOX,120.72,6289530149,Marcelo,Entregue,3.0
180982,2025-11-05,Aline Serpa,PF,Cliente direto,Carregador,0.01,FOX,80.99,5843196832,Renan,Entregue,7.0
180830,2025-11-05,Metrópole Logística,PJ,Filial Regional,Cabo USB-C,110.26,DHL,140.61,2433086429,Diego,Entregue,5.0
180791,2025-11-08,Estrada Real Transportes,PJ,Filial Regional,iPhone 15,0.01,Correios Seguro,80.45,AD893225274BR,Sabrina,Entregue,7.0
180353,2025-11-08,Constelar Engenharia,PJ,Filial Regional,MacBook Pro 16,26922.16,Retirada no balcão,0.0,S/N,Diego,Pendente de envio,
180077,2025-11-08,Tatiane Rezende,PF,Cliente direto,iPad,4595.52,Retirada no balcão,0.0,S/N,Sabrina,Em trânsito,
180133,2025-11-09,Vinícius Cordeiro,PF,Cliente direto,Trackpad,792.62,Correios,75.9,AD552342173BR,Sabrina,Entregue,2.0
180723,2025-11-10,Fabrício Damasceno,PF,Cliente direto,iPhone 15 Pro,0.01,Correios,65.88,AD106203552BR,Diego,Entregue,1.0
180089,2025-11-11,Priscila Nogueira,PF,Cliente direto,iPhone 13,4172.24,Retirada no balcão,0.0,S/N,Patrícia,Entregue,3.0
180364,2025-11-13,Cedro Participações,PJ,Filial Regional,Trackpad,826.73,DHL,161.02,2340870464,Diego,Entregue,4.0
180634,2025-11-13,Cristiane Bittencourt,PF,Cliente direto,Mac Mini,6098.77,DHL,325.11,7470041738,Igor,Entregue,2.0
180215,2025-11-14,Priscila Nogueira,PF,Cliente direto,Carregador,0.01,FOX,135.41,2140563900,Patrícia,Entregue,3.0
181199,2025-11-16,Aline Serpa,PF,Cliente direto,MacBook Pro 16,22023.26,Uber,37.37,S/N,Igor,Em trânsito,
180562,2025-11-16,Bem-Estar Hospitalar,PJ,Filial Regional,Apple Watch,2428.54,Correios,87.32,AD590602940BR,Patrícia,Cancelado,
180646,2025-11-17,Rodolfo Espíndola,PF,Cliente direto,AirPods Pro,1683.0,FOX,122.48,3924783670,Patrícia,Entregue,5.0
181174,2025-11-18,Bem-Estar Hospitalar,PJ,Filial Regional,iPad,4499.59,Retirada no balcão,0.0,S/N,Renan,Entregue,3.0
180304,2025-11-18,Igor Bezerra,PF,Cliente direto,Cabo USB-C,111.6,FOX,164.88,2689897756,Vanessa,Entregue,10.0
180265,2025-11-19,Cedro Participações,PJ,Filial Regional,MacBook Air,9889.65,Correios,84.77,AD948590932BR,Patrícia,Entregue,3.0
180732,2025-11-21,Rafaela Monteiro,PF,Cliente direto,Magic Mouse,663.65,DHL,171.95,1154672890,Renan,Entregue,2.0
181051,2025-11-22,Axiom Tecnologia,PJ,Filial Regional,MacBook Pro 14,16642.79,DHL,296.82,4220565615,Sabrina,Em trânsito,
180738,2025-11-22,Axiom Tecnologia,PJ,Filial Regional,Cabo USB-C,0.01,Correios,15.0,AD456459817BR,Sabrina,Entregue,6.0
181349,2025-11-23,Aline Serpa,PF,Cliente direto,iPhone 13,0.01,DHL,235.66,5511050470,Sabrina,Entregue,3.0
180931,2025-11-25,Cristiane Bittencourt,PF,Cliente direto,MacBook Pro 16,0.01,Correios,107.31,AD319521672BR,Vanessa,Em trânsito,
181366,2025-11-25,Marcos Aurélio Vieira,PF,Cliente direto,Acessórios diversos,453.31,DHL,182.39,7315559072,Marcelo,Entregue,8.0
181017,2025-11-26,Aliança Cooperativa,PJ,Filial Regional,Mac Mini,4967.59,FOX,274.15,6825035671,Igor,Entregue,10.0
180165,2025-11-26,Rodolfo Espíndola,PF,Cliente direto,AirPods Pro,1684.15,Correios,31.91,AD331048965BR,Sabrina,Entregue,3.0
180578,2025-11-26,Rodolfo Espíndola,PF,Cliente direto,MacBook Air,9697.95,Correios,63.04,AD941377075BR,Sabrina,Entregue,3.0
180043,2025-11-27,Leonardo Guimarães,PF,Cliente direto,AirPods Pro,1962.0,DHL,186.42,1756849392,Patrícia,Entregue,3.0
180480,2025-11-28,Natália Quaresma,PF,Cliente direto,iPhone 15,6661.64,Correios,116.57,AD878058375BR,Renan,Entregue,3.0
181107,2025-11-29,Bem-Estar Hospitalar,PJ,Filial Regional,Cabo USB-C,129.26,Uber,31.36,S/N,Vanessa,Cancelado,
180984,2025-11-29,Renata Camargo,PF,Cliente direto,MacBook Pro 14,11146.67,Correios Seguro,106.42,AD784528464BR,Marcelo,Entregue,6.0
180925,2025-12-01,Estrada Real Transportes,PJ,Filial Regional,MacBook Air,9469.33,Correios,136.12,AD953558927BR,Vanessa,Entregue,5.0
180922,2025-12-02,Constelar Engenharia,PJ,Filial Regional,iPad Pro,9739.86,Correios,94.64,AD267389248BR,Vanessa,Entregue,10.0
180912,2025-12-03,Estrada Real Transportes,PJ,Filial Regional,Magic Mouse,0.01,FOX,134.19,5078979126,Sabrina,Entregue,8.0
180332,2025-12-05,Gabriel Torquato,PF,Cliente direto,iPhone 14,5509.32,Correios,101.28,AD271731462BR,Marcelo,Entregue,3.0
181193,2025-12-06,Vórtice Consultoria,PJ,Filial Regional,Mac Mini,0.01,Uber,28.31,S/N,Diego,Entregue,6.0
181316,2025-12-06,Litoral Alimentos,PJ,Filial Regional,Carregador,225.53,FOX,163.99,6612864426,Renan,Em trânsito,
180323,2025-12-07,Priscila Nogueira,PF,Cliente direto,iPhone 15,6601.8,DHL,207.7,8629393826,Vanessa,Pendente de envio,
181426,2025-12-08,Henrique Salgado,PF,Cliente direto,iPhone 14,5890.21,Retirada no balcão,0.0,S/N,Vanessa,Entregue,4.0
180432,2025-12-08,Leonardo Guimarães,PF,Cliente direto,Magic Mouse,725.79,Correios,81.82,AD212322843BR,Renan,Cancelado,
181065,2025-12-09,Fortaleza Cimentos,PJ,Filial Regional,Apple Watch,0.01,FOX,193.46,3922809731,Diego,Entregue,3.0
181275,2025-12-09,Aliança Cooperativa,PJ,Filial Regional,MacBook Pro 14,0.01,Correios,129.91,AD447907287BR,Marcelo,Entregue,4.0
180314,2025-12-10,Igor Bezerra,PF,Cliente direto,AirPods Pro,0.01,DHL,146.57,4951699452,Diego,Entregue,2.0
180516,2025-12-10,Rodolfo Espíndola,PF,Cliente direto,Mac Mini,0.01,Correios,152.48,AD930469708BR,Igor,Entregue,7.0
180524,2025-12-11,Gabriel Torquato,PF,Cliente direto,Carregador,0.01,DHL,126.26,5105100546,Marcelo,Devolvido,
180746,2025-12-12,Sabrina Peixoto,PF,Cliente direto,Acessórios diversos,446.03,DHL,164.4,6859537779,Marcelo,Cancelado,
180421,2025-12-13,Renata Camargo,PF,Cliente direto,Carregador,250.32,Correios,95.99,AD735534654BR,Igor,Entregue,3.0
180684,2025-12-13,Cristiane Bittencourt,PF,Cliente direto,iPad,4148.56,DHL,276.56,5302204322,Diego,Entregue,2.0
180512,2025-12-13,Priscila Nogueira,PF,Cliente direto,Trackpad,758.94,DHL,182.09,6180232131,Diego,Entregue,3.0
180426,2025-12-14,Sabrina Peixoto,PF,Cliente direto,MacBook Pro 14,14553.97,FOX,339.91,2618519046,Marcelo,Entregue,3.0
181187,2025-12-15,Aliança Cooperativa,PJ,Filial Regional,MacBook Pro 14,17890.81,Correios Seguro,130.86,AD925923933BR,Renan,Devolvido,
180153,2025-12-17,Bem-Estar Hospitalar,PJ,Filial Regional,MacBook Pro 16,0.01,Correios,147.62,AD291018544BR,Igor,Entregue,1.0
180263,2025-12-17,Rafaela Monteiro,PF,Cliente direto,Trackpad,854.11,FOX,164.36,6196931625,Patrícia,Entregue,7.0
180449,2025-12-17,Vórtice Consultoria,PJ,Filial Regional,iPhone 14,4114.57,Uber,46.27,S/N,Marcelo,Entregue,2.0
180530,2025-12-19,Vantage Digital,PJ,Filial Regional,iPhone 13,0.01,DHL,237.26,6572309492,Marcelo,Entregue,10.0
180287,2025-12-21,Bem-Estar Hospitalar,PJ,Filial Regional,iPhone 15,0.01,Correios,79.5,AD594662796BR,Renan,Devolvido,
180680,2025-12-22,Aline Serpa,PF,Cliente direto,iPad Pro,12232.45,Correios,74.46,AD413949542BR,Sabrina,Entregue,5.0
180079,2025-12-22,Sabrina Peixoto,PF,Cliente direto,Carregador,295.96,FOX,153.52,5250315046,Sabrina,Entregue,2.0
180584,2025-12-22,Litoral Alimentos,PJ,Filial Regional,MacBook Pro 14,15796.76,Retirada no balcão,0.0,S/N,Igor,Entregue,6.0
180343,2025-12-23,Renata Camargo,PF,Cliente direto,MacBook Pro 16,26177.19,DHL,275.84,2011482045,Vanessa,Pendente de envio,
180416,2025-12-26,Henrique Salgado,PF,Cliente direto,MacBook Pro 16,0.01,Uber,34.43,S/N,Sabrina,Devolvido,
180502,2025-12-26,Metrópole Logística,PJ,Filial Regional,iPhone 15 Pro,7573.2,DHL,202.12,9980302193,Diego,Entregue,3.0
180856,2025-12-26,Renata Camargo,PF,Cliente direto,iPhone 13,4881.01,Correios,45.43,AD591668966BR,Igor,Entregue,3.0
181278,2025-12-27,Fabrício Damasceno,PF,Cliente direto,iPhone 14,0.01,Correios,62.81,AD950739768BR,Marcelo,Entregue,4.0
180706,2025-12-27,Axiom Tecnologia,PJ,Filial Regional,MacBook Pro 16,0.01,Retirada no balcão,0.0,S/N,Igor,Entregue,7.0
180785,2025-12-28,Tatiane Rezende,PF,Cliente direto,AirPods Pro,2123.87,Uber,35.32,S/N,Patrícia,Em trânsito,
180338,2025-12-29,Metrópole Logística,PJ,Filial Regional,Magic Mouse,0.01,DHL,176.11,4262313895,Igor,Entregue,3.0
180299,2025-12-30,Igor Bezerra,PF,Cliente direto,Magic Mouse,0.01,Retirada no balcão,0.0,S/N,Patrícia,Entregue,2.0
181200,2025-12-31,Bem-Estar Hospitalar,PJ,Filial Regional,Magic Mouse,0.01,Retirada no balcão,0.0,S/N,Vanessa,Entregue,5.0
181369,2026-01-01,Henrique Salgado,PF,Cliente direto,iPhone 15,0.01,Correios Seguro,91.43,AD804945740BR,Igor,Entregue,4.0
181112,2026-01-02,Ventura Seguros,PJ,Filial Regional,Magic Mouse,557.49,Correios,52.24,AD929302078BR,Marcelo,Pendente de envio,
181419,2026-01-03,Metrópole Logística,PJ,Filial Regional,Cabo USB-C,0.01,Retirada no balcão,0.0,S/N,Patrícia,Pendente de envio,
181085,2026-01-07,Igor Bezerra,PF,Cliente direto,Carregador,0.01,Correios,31.01,AD332265771BR,Diego,Pendente de envio,
180879,2026-01-07,Ipê Educacional,PJ,Filial Regional,iPhone 14,0.01,Correios,95.98,AD180624330BR,Sabrina,Entregue,6.0
180018,2026-01-08,Gabriel Torquato,PF,Cliente direto,MacBook Pro 16,23667.49,Correios,119.47,AD934543046BR,Igor,Entregue,2.0
180028,2026-01-08,Vantage Digital,PJ,Filial Regional,iPhone 14,5881.64,Correios,74.59,AD978700210BR,Diego,Entregue,2.0
180547,2026-01-08,Simone Aragão,PF,Cliente direto,iPad,2419.31,FOX,209.05,7244464541,Marcelo,Entregue,1.0
181312,2026-01-08,Rafaela Monteiro,PF,Cliente direto,MacBook Pro 14,20216.11,DHL,319.72,2126755406,Renan,Entregue,4.0
180409,2026-01-08,Natália Quaresma,PF,Cliente direto,Carregador,299.58,DHL,168.3,1559509547,Marcelo,Entregue,3.0
180305,2026-01-08,Eduardo Vasconcelos,PF,Cliente direto,MacBook Pro 14,14578.26,Uber,57.24,S/N,Vanessa,Entregue,3.0
180236,2026-01-09,Aline Serpa,PF,Cliente direto,AirPods Pro,0.01,DHL,201.23,6772264875,Marcelo,Entregue,2.0
180385,2026-01-09,Sabrina Peixoto,PF,Cliente direto,iMac,0.01,Correios Seguro,142.56,AD618334357BR,Patrícia,Entregue,4.0
180262,2026-01-11,Axiom Tecnologia,PJ,Filial Regional,iPad,0.01,Correios,103.78,AD197811806BR,Renan,Entregue,7.0
181135,2026-01-12,Ipê Educacional,PJ,Filial Regional,iPhone 15,6606.05,Correios Seguro,70.2,AD327876294BR,Marcelo,Entregue,5.0
181032,2026-01-13,Metrópole Logística,PJ,Filial Regional,Apple Watch,3157.54,Correios,32.02,AD682742929BR,Diego,Entregue,4.0
180419,2026-01-13,Igor Bezerra,PF,Cliente direto,iPhone 14,5587.88,FOX,253.94,2083279960,Renan,Pendente de envio,
180313,2026-01-13,Priscila Nogueira,PF,Cliente direto,iPhone 15 Pro,8220.14,DHL,202.32,2917047932,Marcelo,Entregue,1.0
180114,2026-01-14,Axiom Tecnologia,PJ,Filial Regional,iPad Pro,0.01,DHL,225.3,5567134389,Diego,Entregue,6.0
180807,2026-01-14,Igor Bezerra,PF,Cliente direto,Trackpad,870.4,DHL,152.35,1805288267,Sabrina,Entregue,2.0
181404,2026-01-17,Cedro Participações,PJ,Filial Regional,MacBook Air,0.01,Correios Seguro,145.71,AD836625825BR,Marcelo,Entregue,4.0
180863,2026-01-17,Planalto Distribuidora,PJ,Filial Regional,Trackpad,788.02,Correios,39.03,AD194413825BR,Renan,Entregue,4.0
180259,2026-01-18,Cristiane Bittencourt,PF,Cliente direto,iPhone 13,0.01,DHL,161.65,6239968573,Patrícia,Cancelado,
181105,2026-01-19,Cedro Participações,PJ,Filial Regional,Carregador,284.73,DHL,97.87,8368833670,Sabrina,Entregue,7.0
181114,2026-01-22,Fortaleza Cimentos,PJ,Filial Regional,iMac,0.01,Correios,157.6,AD807445130BR,Diego,Entregue,3.0
180025,2026-01-23,Gabriel Torquato,PF,Cliente direto,iPhone 14,0.01,Correios,75.1,AD912973887BR,Patrícia,Entregue,3.0
180033,2026-01-25,Simone Aragão,PF,Cliente direto,Magic Mouse,0.01,Correios,54.58,AD817960391BR,Igor,Entregue,4.0
180992,2026-01-27,Axiom Tecnologia,PJ,Filial Regional,iPhone 15,6101.21,Correios,79.4,AD788171411BR,Sabrina,Entregue,4.0
180574,2026-01-28,Planalto Distribuidora,PJ,Filial Regional,iPhone 14,7107.96,FOX,184.03,5139765274,Patrícia,Entregue,3.0
180890,2026-01-28,Sabrina Peixoto,PF,Cliente direto,Trackpad,0.01,FOX,173.32,3590413524,Sabrina,Entregue,6.0
181120,2026-01-30,Simone Aragão,PF,Cliente direto,MacBook Pro 14,0.01,Correios,128.23,AD602374192BR,Patrícia,Devolvido,
180073,2026-01-30,Estrada Real Transportes,PJ,Filial Regional,iPad Pro,9291.8,Uber,32.35,S/N,Diego,Entregue,5.0
180433,2026-02-01,Leonardo Guimarães,PF,Cliente direto,iPad Pro,9582.05,Correios,88.24,AD256976160BR,Patrícia,Entregue,3.0
180231,2026-02-01,Sabrina Peixoto,PF,Cliente direto,iPhone 14,6140.9,DHL,232.51,7545812405,Diego,Entregue,5.0
180800,2026-02-02,Natália Quaresma,PF,Cliente direto,iPhone 15 Pro,9045.52,Correios Seguro,86.23,AD934197686BR,Renan,Entregue,5.0
180181,2026-02-03,Eduardo Vasconcelos,PF,Cliente direto,Magic Mouse,0.01,DHL,193.82,5310526722,Igor,Devolvido,
180665,2026-02-04,Renata Camargo,PF,Cliente direto,iPad,2593.91,FOX,191.41,4963409421,Sabrina,Entregue,3.0
180773,2026-02-04,Renata Camargo,PF,Cliente direto,iPad,0.01,Retirada no balcão,0.0,S/N,Igor,Entregue,4.0
180005,2026-02-04,Planalto Distribuidora,PJ,Filial Regional,AirPods Pro,2256.44,DHL,157.35,3301595691,Vanessa,Entregue,14.0
180014,2026-02-07,Estrada Real Transportes,PJ,Filial Regional,MacBook Pro 14,0.01,Correios,147.42,AD301724977BR,Marcelo,Entregue,1.0
180709,2026-02-08,Natália Quaresma,PF,Cliente direto,MacBook Air,0.01,Correios Seguro,67.82,AD629643140BR,Sabrina,Em trânsito,
180309,2026-02-11,Litoral Alimentos,PJ,Filial Regional,iPhone 13,5296.42,Retirada no balcão,0.0,S/N,Renan,Entregue,2.0
180858,2026-02-11,Rodolfo Espíndola,PF,Cliente direto,AirPods Pro,1613.73,DHL,183.16,9545814166,Diego,Entregue,4.0
180695,2026-02-12,Fabrício Damasceno,PF,Cliente direto,Apple Watch,3714.41,Correios,85.6,AD620509742BR,Vanessa,Entregue,8.0
180389,2026-02-13,Simone Aragão,PF,Cliente direto,MacBook Pro 16,0.01,Correios Seguro,104.9,AD268017943BR,Vanessa,Entregue,2.0
180696,2026-02-14,Constelar Engenharia,PJ,Filial Regional,AirPods Pro,1509.36,DHL,162.46,4226094156,Diego,Entregue,3.0
180939,2026-02-14,Henrique Salgado,PF,Cliente direto,Carregador,0.01,Retirada no balcão,0.0,S/N,Diego,Entregue,4.0
180921,2026-02-15,Henrique Salgado,PF,Cliente direto,Trackpad,697.63,Correios,72.81,AD362998070BR,Igor,Entregue,4.0
181088,2026-02-15,Planalto Distribuidora,PJ,Filial Regional,Apple Watch,2580.14,Correios,67.77,AD602946435BR,Marcelo,Pendente de envio,
181059,2026-02-17,Henrique Salgado,PF,Cliente direto,Carregador,0.01,Retirada no balcão,0.0,S/N,Diego,Entregue,4.0
180132,2026-02-20,Renata Camargo,PF,Cliente direto,MacBook Air,8544.71,DHL,327.86,5090974082,Sabrina,Pendente de envio,
180878,2026-02-22,Cristiane Bittencourt,PF,Cliente direto,Acessórios diversos,469.72,DHL,165.56,7104116237,Diego,Entregue,5.0
180950,2026-02-22,Cedro Participações,PJ,Filial Regional,Apple Watch,3374.78,DHL,184.85,2986773296,Marcelo,Entregue,3.0
180933,2026-02-23,Renata Camargo,PF,Cliente direto,Magic Mouse,574.54,Correios,77.15,AD364409614BR,Vanessa,Entregue,1.0
180255,2026-02-24,Beluga Advocacia,PJ,Filial Regional,iPad Pro,10178.27,Correios Seguro,83.04,AD379354398BR,Patrícia,Entregue,5.0
181283,2026-02-25,Cristiane Bittencourt,PF,Cliente direto,Apple Watch,0.01,Retirada no balcão,0.0,S/N,Renan,Entregue,1.0
180501,2026-02-28,Leonardo Guimarães,PF,Cliente direto,Mac Mini,6122.71,FOX,313.81,4202563402,Renan,Entregue,4.0
180658,2026-02-28,Cristiane Bittencourt,PF,Cliente direto,Magic Mouse,0.01,FOX,203.93,5961958438,Sabrina,Entregue,3.0
180373,2026-03-01,Marcos Aurélio Vieira,PF,Cliente direto,iMac,17830.09,DHL,450.33,9090407895,Sabrina,Entregue,6.0
180124,2026-03-02,Renata Camargo,PF,Cliente direto,Acessórios diversos,440.6,DHL,168.69,2922119101,Igor,Entregue,4.0
180439,2026-03-02,Rafaela Monteiro,PF,Cliente direto,iPhone 15 Pro,0.01,DHL,198.25,7981976150,Vanessa,Entregue,3.0
180970,2026-03-02,Cedro Participações,PJ,Filial Regional,MacBook Pro 16,17175.39,Correios,131.41,AD192488735BR,Sabrina,Entregue,3.0
180008,2026-03-03,Eduardo Vasconcelos,PF,Cliente direto,AirPods Pro,0.01,DHL,125.13,5866948781,Diego,Entregue,5.0
180653,2026-03-04,Débora Farias,PF,Cliente direto,iMac,12758.34,DHL,451.02,2297253557,Patrícia,Entregue,4.0
180652,2026-03-04,Vinícius Cordeiro,PF,Cliente direto,iPhone 13,4536.7,Retirada no balcão,0.0,S/N,Marcelo,Entregue,6.0
180541,2026-03-04,Igor Bezerra,PF,Cliente direto,Trackpad,715.28,Correios,34.82,AD794926889BR,Sabrina,Em trânsito,
180374,2026-03-05,Fortaleza Cimentos,PJ,Filial Regional,AirPods Pro,0.01,DHL,178.43,4872473880,Patrícia,Entregue,6.0
181019,2026-03-05,Renata Camargo,PF,Cliente direto,iPad,0.01,DHL,200.49,6224578302,Igor,Entregue,4.0
181185,2026-03-06,Beluga Advocacia,PJ,Filial Regional,Trackpad,0.01,Correios,84.93,AD450088606BR,Patrícia,Entregue,4.0
181213,2026-03-08,Vórtice Consultoria,PJ,Filial Regional,iPhone 13,4622.56,Correios Seguro,63.91,AD664160839BR,Sabrina,Entregue,4.0
181262,2026-03-08,Eduardo Vasconcelos,PF,Cliente direto,Mac Mini,7675.09,Retirada no balcão,0.0,S/N,Sabrina,Entregue,3.0
180240,2026-03-08,Cristiane Bittencourt,PF,Cliente direto,AirPods Pro,1580.7,Correios,38.07,AD487308683BR,Igor,Entregue,8.0
180242,2026-03-12,Estrada Real Transportes,PJ,Filial Regional,iMac,13889.42,DHL,396.45,9465546325,Renan,Entregue,2.0
180976,2026-03-15,Igor Bezerra,PF,Cliente direto,iPad Pro,11260.61,Correios,98.79,AD555240463BR,Diego,Pendente de envio,
180454,2026-03-16,Estrada Real Transportes,PJ,Filial Regional,Acessórios diversos,438.3,Correios,64.04,AD721130116BR,Sabrina,Entregue,8.0
180159,2026-03-17,Constelar Engenharia,PJ,Filial Regional,Carregador,226.99,DHL,156.56,3039081424,Patrícia,Entregue,6.0
180350,2026-03-18,Henrique Salgado,PF,Cliente direto,iPhone 15,5637.17,Retirada no balcão,0.0,S/N,Igor,Pendente de envio,
180596,2026-03-20,Vórtice Consultoria,PJ,Filial Regional,iMac,0.01,DHL,446.75,2003482361,Vanessa,Entregue,3.0
181222,2026-03-21,Bem-Estar Hospitalar,PJ,Filial Regional,Acessórios diversos,285.54,DHL,195.33,9767779549,Igor,Entregue,3.0
180808,2026-03-21,Planalto Distribuidora,PJ,Filial Regional,Trackpad,899.55,Retirada no balcão,0.0,S/N,Marcelo,Entregue,5.0
180551,2026-03-22,Igor Bezerra,PF,Cliente direto,AirPods Pro,1508.51,FOX,134.53,7114228886,Diego,Entregue,10.0
180209,2026-03-22,Constelar Engenharia,PJ,Filial Regional,Acessórios diversos,325.39,Correios,45.63,AD103558733BR,Diego,Em trânsito,
180717,2026-03-23,Constelar Engenharia,PJ,Filial Regional,iPhone 15 Pro,8702.88,Uber,52.01,S/N,Renan,Entregue,1.0
181397,2026-03-25,Bem-Estar Hospitalar,PJ,Filial Regional,MacBook Pro 14,19372.01,Correios,156.64,AD970322417BR,Marcelo,Entregue,3.0
180090,2026-03-26,Tatiane Rezende,PF,Cliente direto,iPhone 14,4965.85,Correios Seguro,42.5,AD525028351BR,Sabrina,Entregue,4.0
181322,2026-03-26,Marcos Aurélio Vieira,PF,Cliente direto,MacBook Pro 16,0.01,DHL,385.88,8096372242,Diego,Entregue,7.0
180221,2026-03-27,Axiom Tecnologia,PJ,Filial Regional,Cabo USB-C,0.01,Correios,67.95,AD598927943BR,Diego,Entregue,1.0
180610,2026-03-28,Axiom Tecnologia,PJ,Filial Regional,MacBook Air,8970.88,Correios,88.16,AD620089001BR,Patrícia,Pendente de envio,
180899,2026-03-28,Ipê Educacional,PJ,Filial Regional,Carregador,0.01,DHL,182.49,7539066831,Sabrina,Entregue,2.0
181291,2026-03-31,Henrique Salgado,PF,Cliente direto,Magic Mouse,798.08,FOX,195.73,7168089811,Patrícia,Entregue,6.0
180848,2026-04-01,Axiom Tecnologia,PJ,Filial Regional,iPad Pro,10243.27,Correios,115.66,AD893244612BR,Sabrina,Entregue,6.0
181080,2026-04-01,Priscila Nogueira,PF,Cliente direto,MacBook Pro 14,14395.83,FOX,378.22,7871801349,Renan,Devolvido,
180461,2026-04-02,Gabriel Torquato,PF,Cliente direto,MacBook Pro 14,12964.22,DHL,300.98,3688494123,Patrícia,Entregue,8.0
180062,2026-04-03,Priscila Nogueira,PF,Cliente direto,MacBook Air,0.01,Correios,90.38,AD384280550BR,Diego,Em trânsito,
180220,2026-04-04,Tatiane Rezende,PF,Cliente direto,iPad Pro,9515.03,FOX,277.43,1573124782,Sabrina,Entregue,5.0
180727,2026-04-04,Henrique Salgado,PF,Cliente direto,Cabo USB-C,0.01,DHL,163.42,5828159859,Vanessa,Entregue,4.0
180109,2026-04-05,Rodolfo Espíndola,PF,Cliente direto,iPhone 15 Pro,0.01,Correios,59.29,AD696401168BR,Diego,Em trânsito,
181303,2026-04-05,Simone Aragão,PF,Cliente direto,Magic Mouse,0.01,FOX,148.1,8348945565,Sabrina,Em trânsito,
180233,2026-04-06,Vórtice Consultoria,PJ,Filial Regional,Apple Watch,0.01,Uber,43.75,S/N,Marcelo,Entregue,1.0
180060,2026-04-07,Renata Camargo,PF,Cliente direto,Apple Watch,3383.9,Correios,119.19,AD223859888BR,Patrícia,Cancelado,
180401,2026-04-08,Leonardo Guimarães,PF,Cliente direto,Magic Mouse,535.29,DHL,124.78,9605001747,Renan,Entregue,4.0
181005,2026-04-08,Tatiane Rezende,PF,Cliente direto,iPad Pro,0.01,Correios,75.18,AD566262030BR,Igor,Entregue,5.0
180832,2026-04-09,Leonardo Guimarães,PF,Cliente direto,MacBook Pro 14,16470.11,DHL,335.03,7685774589,Igor,Entregue,5.0
180291,2026-04-10,Ventura Seguros,PJ,Filial Regional,Trackpad,0.01,DHL,166.89,2590074339,Sabrina,Entregue,2.0
180767,2026-04-10,Eduardo Vasconcelos,PF,Cliente direto,Carregador,240.76,Correios,65.81,AD786315337BR,Renan,Entregue,3.0
180294,2026-04-11,Cristiane Bittencourt,PF,Cliente direto,MacBook Pro 16,0.01,DHL,378.83,1289620223,Renan,Devolvido,
181363,2026-04-12,Natália Quaresma,PF,Cliente direto,Carregador,0.01,Correios,30.87,AD119082497BR,Vanessa,Pendente de envio,
180853,2026-04-12,Débora Farias,PF,Cliente direto,Trackpad,539.44,DHL,168.39,3516140287,Vanessa,Entregue,8.0
181074,2026-04-14,Rodolfo Espíndola,PF,Cliente direto,iPad Pro,10151.72,DHL,244.36,5943221207,Renan,Entregue,1.0
180104,2026-04-14,Eduardo Vasconcelos,PF,Cliente direto,Apple Watch,2346.55,FOX,163.55,7514438196,Diego,Entregue,5.0
180225,2026-04-17,Vórtice Consultoria,PJ,Filial Regional,Cabo USB-C,0.01,Correios,72.97,AD980358440BR,Igor,Devolvido,
180120,2026-04-17,Renata Camargo,PF,Cliente direto,Magic Mouse,703.5,Retirada no balcão,0.0,S/N,Diego,Devolvido,
181387,2026-04-17,Tatiane Rezende,PF,Cliente direto,Magic Mouse,0.01,Correios,67.02,AD145165071BR,Igor,Entregue,4.0
181026,2026-04-19,Fortaleza Cimentos,PJ,Filial Regional,Apple Watch,0.01,Retirada no balcão,0.0,S/N,Marcelo,Entregue,5.0
181424,2026-04-20,Simone Aragão,PF,Cliente direto,MacBook Pro 14,17254.33,Retirada no balcão,0.0,S/N,Diego,Entregue,3.0
180872,2026-04-22,Marcos Aurélio Vieira,PF,Cliente direto,Acessórios diversos,427.79,Correios,29.08,AD569396705BR,Sabrina,Em trânsito,
180138,2026-04-22,Tatiane Rezende,PF,Cliente direto,Acessórios diversos,329.29,FOX,178.79,6945714618,Marcelo,Entregue,2.0
180460,2026-04-23,Aliança Cooperativa,PJ,Filial Regional,Acessórios diversos,435.77,DHL,167.65,2774587163,Sabrina,Entregue,5.0
180379,2026-04-24,Leonardo Guimarães,PF,Cliente direto,Carregador,0.01,Correios,61.73,AD273747235BR,Marcelo,Entregue,7.0
181268,2026-04-24,Vórtice Consultoria,PJ,Filial Regional,Apple Watch,2364.5,Retirada no balcão,0.0,S/N,Marcelo,Entregue,2.0
180701,2026-04-25,Priscila Nogueira,PF,Cliente direto,iPad,4116.11,Correios,81.98,AD378680593BR,Diego,Entregue,6.0
180884,2026-04-26,Tatiane Rezende,PF,Cliente direto,Carregador,243.05,Correios,69.48,AD267932847BR,Vanessa,Entregue,1.0
180281,2026-04-26,Vantage Digital,PJ,Filial Regional,Trackpad,906.26,DHL,159.96,5597126447,Patrícia,Devolvido,
180021,2026-04-26,Bem-Estar Hospitalar,PJ,Filial Regional,MacBook Pro 14,17797.07,DHL,335.92,7762098351,Sabrina,Entregue,1.0
180097,2026-04-27,Leonardo Guimarães,PF,Cliente direto,MacBook Air,10393.57,DHL,307.84,3790331461,Patrícia,Entregue,5.0
180570,2026-04-27,Leonardo Guimarães,PF,Cliente direto,iPad Pro,0.01,Correios,95.4,AD530009646BR,Patrícia,Devolvido,
181290,2026-04-27,Estrada Real Transportes,PJ,Filial Regional,iPhone 14,0.01,Correios,94.26,AD522259422BR,Renan,Entregue,3.0
180273,2026-04-28,Fabrício Damasceno,PF,Cliente direto,Cabo USB-C,0.01,Correios,15.0,AD986469662BR,Vanessa,Em trânsito,
180068,2026-04-28,Ipê Educacional,PJ,Filial Regional,Apple Watch,0.01,Correios,68.93,AD129036651BR,Renan,Entregue,10.0
181048,2026-04-29,Aliança Cooperativa,PJ,Filial Regional,Apple Watch,3344.7,Correios Seguro,32.44,AD486548365BR,Patrícia,Entregue,8.0
180918,2026-05-01,Ventura Seguros,PJ,Filial Regional,iMac,11421.93,Correios,135.42,AD459719105BR,Patrícia,Em trânsito,
181052,2026-05-05,Ipê Educacional,PJ,Filial Regional,iPad Pro,11119.64,DHL,238.12,2967760502,Sabrina,Entregue,4.0
181297,2026-05-05,Débora Farias,PF,Cliente direto,Carregador,193.02,DHL,107.68,6155012193,Igor,Entregue,1.0
180794,2026-05-05,Natália Quaresma,PF,Cliente direto,iPad Pro,0.01,DHL,237.67,4798632120,Vanessa,Entregue,2.0
180560,2026-05-05,Bem-Estar Hospitalar,PJ,Filial Regional,MacBook Pro 16,20905.53,DHL,388.27,7762685830,Diego,Entregue,2.0
181122,2026-05-07,Priscila Nogueira,PF,Cliente direto,Cabo USB-C,0.01,DHL,181.41,9150694700,Sabrina,Entregue,2.0
180994,2026-05-08,Aliança Cooperativa,PJ,Filial Regional,iPad,0.01,Retirada no balcão,0.0,S/N,Sabrina,Entregue,2.0
181355,2026-05-08,Simone Aragão,PF,Cliente direto,Mac Mini,6750.32,FOX,357.05,6403239363,Renan,Em trânsito,
180826,2026-05-08,Axiom Tecnologia,PJ,Filial Regional,iPhone 14,6211.33,DHL,189.61,2660655344,Diego,Entregue,6.0
180599,2026-05-08,Rodolfo Espíndola,PF,Cliente direto,MacBook Pro 14,14499.6,FOX,334.71,9978224563,Vanessa,Em trânsito,
181070,2026-05-09,Leonardo Guimarães,PF,Cliente direto,Cabo USB-C,0.01,FOX,149.23,5722940561,Marcelo,Entregue,6.0
180252,2026-05-09,Débora Farias,PF,Cliente direto,iMac,14635.57,Uber,29.68,S/N,Patrícia,Entregue,7.0
180149,2026-05-11,Igor Bezerra,PF,Cliente direto,iPhone 14,0.01,DHL,220.19,5344558402,Diego,Entregue,7.0
180893,2026-05-11,Otávio Marinho,PF,Cliente direto,iPhone 15,5219.51,Correios,65.53,AD841631198BR,Patrícia,Entregue,1.0
180720,2026-05-11,Igor Bezerra,PF,Cliente direto,MacBook Pro 14,0.01,DHL,354.94,2511875401,Igor,Pendente de envio,
181328,2026-05-12,Ventura Seguros,PJ,Filial Regional,Mac Mini,0.01,Uber,43.75,S/N,Igor,Entregue,5.0
181164,2026-05-13,Leonardo Guimarães,PF,Cliente direto,Carregador,307.83,DHL,151.15,2086263613,Renan,Entregue,3.0
181375,2026-05-14,Igor Bezerra,PF,Cliente direto,Mac Mini,7268.73,DHL,302.17,9888110446,Diego,Entregue,5.0
181340,2026-05-15,Estrada Real Transportes,PJ,Filial Regional,iPhone 14,5629.32,Correios,57.34,AD115237483BR,Patrícia,Entregue,5.0
180007,2026-05-17,Litoral Alimentos,PJ,Filial Regional,Trackpad,0.01,DHL,249.02,2823296038,Sabrina,Entregue,1.0
180689,2026-05-20,Eduardo Vasconcelos,PF,Cliente direto,iMac,11113.53,Retirada no balcão,0.0,S/N,Sabrina,Entregue,5.0
180143,2026-05-20,Otávio Marinho,PF,Cliente direto,iPad Pro,10359.53,Correios,90.91,AD652743626BR,Marcelo,Entregue,7.0
180898,2026-05-22,Simone Aragão,PF,Cliente direto,iPhone 15,7619.27,DHL,173.37,5282553737,Marcelo,Entregue,8.0
180960,2026-05-22,Metrópole Logística,PJ,Filial Regional,Carregador,0.01,Correios,15.0,AD834791221BR,Marcelo,Entregue,2.0
181129,2026-05-22,Axiom Tecnologia,PJ,Filial Regional,iPhone 15 Pro,8079.63,FOX,195.32,1340626988,Marcelo,Entregue,4.0
181071,2026-05-25,Ventura Seguros,PJ,Filial Regional,iPad,0.01,DHL,280.14,2918853932,Patrícia,Entregue,2.0
180514,2026-05-25,Ventura Seguros,PJ,Filial Regional,iPad,3323.77,DHL,240.6,5440498438,Renan,Entregue,5.0
180682,2026-05-27,Gabriel Torquato,PF,Cliente direto,Mac Mini,6377.33,FOX,329.63,8871064313,Patrícia,Entregue,1.0
181210,2026-05-27,Otávio Marinho,PF,Cliente direto,Mac Mini,6047.62,FOX,291.61,4843893593,Sabrina,Entregue,6.0
180102,2026-05-28,Sabrina Peixoto,PF,Cliente direto,MacBook Pro 16,0.01,DHL,359.18,3152474070,Patrícia,Entregue,7.0
181395,2026-06-03,Bem-Estar Hospitalar,PJ,Filial Regional,Carregador,266.8,DHL,125.23,2055489323,Marcelo,Entregue,4.0
180360,2026-06-03,Cedro Participações,PJ,Filial Regional,Mac Mini,0.01,DHL,306.25,2094845894,Renan,Entregue,10.0
181127,2026-06-05,Fortaleza Cimentos,PJ,Filial Regional,iPhone 15,0.01,Correios,77.99,AD315121733BR,Sabrina,Entregue,2.0
180326,2026-06-07,Vinícius Cordeiro,PF,Cliente direto,iPhone 15,7618.37,FOX,151.22,4319191017,Patrícia,Entregue,8.0
180640,2026-06-08,Eduardo Vasconcelos,PF,Cliente direto,AirPods Pro,0.01,DHL,159.03,9252484411,Renan,Entregue,7.0
180045,2026-06-09,Vinícius Cordeiro,PF,Cliente direto,iPad Pro,0.01,DHL,208.39,7591017985,Sabrina,Entregue,5.0
181249,2026-06-10,Tatiane Rezende,PF,Cliente direto,iPhone 14,6284.18,Correios,101.0,AD339727795BR,Renan,Entregue,3.0
180217,2026-06-12,Cristiane Bittencourt,PF,Cliente direto,iPhone 14,3853.18,FOX,198.56,4294111535,Marcelo,Entregue,4.0
180518,2026-06-13,Igor Bezerra,PF,Cliente direto,Carregador,0.01,Correios,31.24,AD855018914BR,Vanessa,Entregue,14.0
180786,2026-06-13,Rafaela Monteiro,PF,Cliente direto,Carregador,246.59,DHL,150.82,1380474824,Igor,Entregue,5.0
180194,2026-06-13,Cristiane Bittencourt,PF,Cliente direto,Mac Mini,5900.35,Correios,59.2,AD405132275BR,Renan,Entregue,6.0
180387,2026-06-14,Fortaleza Cimentos,PJ,Filial Regional,MacBook Pro 14,17198.81,Retirada no balcão,0.0,S/N,Renan,Entregue,7.0
181062,2026-06-15,Sabrina Peixoto,PF,Cliente direto,Magic Mouse,0.01,FOX,191.52,4816625818,Diego,Cancelado,
181306,2026-06-17,Simone Aragão,PF,Cliente direto,MacBook Air,6855.62,Retirada no balcão,0.0,S/N,Vanessa,Entregue,7.0
180507,2026-06-18,Priscila Nogueira,PF,Cliente direto,Cabo USB-C,117.36,FOX,160.88,4379852075,Patrícia,Entregue,3.0
180944,2026-06-18,Marcos Aurélio Vieira,PF,Cliente direto,Apple Watch,3369.19,Uber,37.39,S/N,Igor,Pendente de envio,
181094,2026-06-20,Metrópole Logística,PJ,Filial Regional,Mac Mini,0.01,DHL,309.39,3614194881,Vanessa,Entregue,5.0
180493,2026-06-20,Axiom Tecnologia,PJ,Filial Regional,MacBook Pro 16,0.01,DHL,413.55,3723751257,Marcelo,Entregue,3.0
180594,2026-06-21,Aliança Cooperativa,PJ,Filial Regional,Mac Mini,5809.46,DHL,336.84,8865493865,Marcelo,Entregue,8.0
180146,2026-06-21,Bem-Estar Hospitalar,PJ,Filial Regional,MacBook Pro 14,14758.0,DHL,380.94,5030181318,Marcelo,Entregue,7.0
180798,2026-06-22,Aline Serpa,PF,Cliente direto,AirPods Pro,0.01,Retirada no balcão,0.0,S/N,Diego,Entregue,2.0
180959,2026-06-23,Débora Farias,PF,Cliente direto,AirPods Pro,1883.97,Correios,60.33,AD775872788BR,Renan,Devolvido,
180358,2026-06-23,Aline Serpa,PF,Cliente direto,iPad Pro,8831.68,FOX,274.91,1027228033,Igor,Entregue,4.0
180438,2026-06-24,Aliança Cooperativa,PJ,Filial Regional,iPhone 15 Pro,0.01,Correios,75.85,AD432937745BR,Sabrina,Devolvido,
180751,2026-06-24,Otávio Marinho,PF,Cliente direto,MacBook Pro 14,0.01,FOX,354.03,2260677792,Igor,Entregue,3.0
181361,2026-06-25,Igor Bezerra,PF,Cliente direto,AirPods Pro,1654.21,Correios,42.86,AD267486357BR,Diego,Entregue,1.0
180469,2026-06-25,Ventura Seguros,PJ,Filial Regional,iPad Pro,7953.13,DHL,245.8,6434406001,Marcelo,Pendente de envio,
180279,2026-06-27,Eduardo Vasconcelos,PF,Cliente direto,iPhone 15,6950.01,DHL,188.73,4951026795,Sabrina,Entregue,3.0
181180,2026-06-27,Sabrina Peixoto,PF,Cliente direto,Mac Mini,7079.11,DHL,262.08,1066299230,Renan,Pendente de envio,
180674,2026-06-27,Cedro Participações,PJ,Filial Regional,Magic Mouse,672.1,DHL,191.26,5796213200,Patrícia,Entregue,10.0
181379,2026-06-28,Planalto Distribuidora,PJ,Filial Regional,AirPods Pro,1938.5,DHL,185.09,5712553153,Diego,Entregue,2.0
180397,2026-06-29,Aline Serpa,PF,Cliente direto,Acessórios diversos,299.37,Retirada no balcão,0.0,S/N,Vanessa,Entregue,4.0
180349,2026-06-29,Litoral Alimentos,PJ,Filial Regional,iPad Pro,9059.87,Correios,105.98,AD348443396BR,Patrícia,Em trânsito,
181158,2026-06-30,Gabriel Torquato,PF,Cliente direto,Mac Mini,0.01,FOX,301.94,8075127018,Patrícia,Entregue,8.0
180370,2026-07-01,Otávio Marinho,PF,Cliente direto,iPhone 13,3905.06,FOX,183.1,3293500360,Igor,Entregue,10.0
180095,2026-07-02,Planalto Distribuidora,PJ,Filial Regional,iPhone 15,0.01,Uber,40.9,S/N,Patrícia,Entregue,4.0
180836,2026-07-03,Constelar Engenharia,PJ,Filial Regional,MacBook Pro 14,14804.26,FOX,313.29,6789594061,Renan,Entregue,1.0
181182,2026-07-03,Igor Bezerra,PF,Cliente direto,AirPods Pro,1424.79,Uber,23.18,S/N,Marcelo,Entregue,3.0
180630,2026-07-04,Eduardo Vasconcelos,PF,Cliente direto,MacBook Pro 16,19786.96,FOX,340.48,2454304066,Renan,Entregue,2.0
181260,2026-07-05,Natália Quaresma,PF,Cliente direto,MacBook Pro 14,16708.44,DHL,356.02,1740247171,Renan,Entregue,3.0
181382,2026-07-06,Priscila Nogueira,PF,Cliente direto,Apple Watch,3528.47,FOX,193.21,2543770834,Marcelo,Devolvido,
180489,2026-07-07,Leonardo Guimarães,PF,Cliente direto,MacBook Pro 16,24547.53,Retirada no balcão,0.0,S/N,Patrícia,Entregue,6.0
180176,2026-07-10,Eduardo Vasconcelos,PF,Cliente direto,iPhone 14,6393.92,Correios,66.16,AD643252063BR,Vanessa,Devolvido,
180604,2026-07-10,Sabrina Peixoto,PF,Cliente direto,Carregador,0.01,Retirada no balcão,0.0,S/N,Marcelo,Pendente de envio,
180392,2026-07-11,Sabrina Peixoto,PF,Cliente direto,iPhone 15 Pro,7506.97,Retirada no balcão,0.0,S/N,Marcelo,Entregue,4.0
181038,2026-07-13,Débora Farias,PF,Cliente direto,AirPods Pro,1385.96,FOX,159.53,9847668904,Igor,Entregue,6.0
181044,2026-07-14,Otávio Marinho,PF,Cliente direto,Apple Watch,3704.33,FOX,203.68,1811081400,Marcelo,Entregue,3.0
181152,2026-07-15,Priscila Nogueira,PF,Cliente direto,Apple Watch,2900.26,Correios,68.84,AD678382744BR,Vanessa,Entregue,6.0
180049,2026-07-15,Gabriel Torquato,PF,Cliente direto,iPhone 15 Pro,7655.75,Uber,34.81,S/N,Patrícia,Em trânsito,
181012,2026-07-16,Débora Farias,PF,Cliente direto,iMac,13984.46,Correios Seguro,145.65,AD664183001BR,Renan,Entregue,6.0
181073,2026-07-18,Bem-Estar Hospitalar,PJ,Filial Regional,iPad Pro,0.01,Correios,96.65,AD411422697BR,Diego,Entregue,6.0
180990,2026-07-18,Cedro Participações,PJ,Filial Regional,Trackpad,0.01,FOX,157.93,1589228376,Patrícia,Entregue,3.0
180477,2026-07-21,Tatiane Rezende,PF,Cliente direto,iPad,4433.03,Retirada no balcão,0.0,S/N,Patrícia,Cancelado,
180504,2026-07-22,Bem-Estar Hospitalar,PJ,Filial Regional,iPhone 15 Pro,0.01,Correios,97.13,AD627727025BR,Patrícia,Em trânsito,
181230,2026-07-22,Rafaela Monteiro,PF,Cliente direto,iPad,6258.56,Correios Seguro,75.47,AD373444828BR,Vanessa,Entregue,1.0
180483,2026-07-23,Rafaela Monteiro,PF,Cliente direto,iPhone 15,0.01,FOX,218.52,3722485848,Marcelo,Entregue,4.0
180029,2026-07-23,Aline Serpa,PF,Cliente direto,iPhone 14,6487.55,Correios Seguro,75.86,AD609059210BR,Sabrina,Entregue,5.0
180616,2026-07-23,Planalto Distribuidora,PJ,Filial Regional,Acessórios diversos,429.3,FOX,99.96,6672294644,Igor,Entregue,3.0
181099,2026-07-24,Beluga Advocacia,PJ,Filial Regional,iPhone 14,5209.23,DHL,185.69,5110114276,Renan,Entregue,10.0
180506,2026-07-25,Natália Quaresma,PF,Cliente direto,iPad Pro,9085.32,DHL,265.74,4501433205,Marcelo,Entregue,2.0
180277,2026-07-25,Igor Bezerra,PF,Cliente direto,MacBook Air,0.01,Correios Seguro,126.97,AD216920188BR,Marcelo,Entregue,5.0
180996,2026-07-26,Eduardo Vasconcelos,PF,Cliente direto,iPhone 15 Pro,6759.71,Correios,97.09,AD218750843BR,Vanessa,Entregue,7.0
180288,2026-07-27,Fabrício Damasceno,PF,Cliente direto,Carregador,0.01,DHL,144.91,9420773989,Marcelo,Entregue,3.0
181432,2026-07-30,Metrópole Logística,PJ,Filial Regional,Acessórios diversos,0.01,Correios,66.63,AD835863465BR,Renan,Entregue,5.0
181284,2026-07-31,Axiom Tecnologia,PJ,Filial Regional,AirPods Pro,2011.34,DHL,187.84,3656676573,Sabrina,Entregue,3.0
180757,2026-07-31,Aliança Cooperativa,PJ,Filial Regional,MacBook Pro 14,0.01,DHL,378.7,4309039293,Marcelo,Entregue,7.0
181246,2026-07-31,Tatiane Rezende,PF,Cliente direto,Acessórios diversos,344.14,DHL,156.64,6922054136,Igor,Entregue,2.0
